,Year,City,Stop Name,Stop Abbrev,Total Stops
0,1998,Oakland,12th Street / Oakland City Center,12,2790954.0
1,1998,San Francisco,16th Street Mission,16,2046608.0
2,1998,Oakland,19th Street Oakland,19,1873381.0
3,1998,San Francisco,24th Street Mission,24,2820975.0
4,1998,Antioch,Antioch,AN,0.0
5,1998,Berkeley,Ashby,AS,1030474.0
6,1998,San Jose,Berryessa / North San José,BE,0.0
7,1998,San Leandro,Bayfair,BF,1224505.0
8,1998,Berkeley,Berkeley,BK,2905487.0
9,1998,San Francisco,Balboa Park,BP,2941288.0
10,1998,San Francisco,Civic Center,CC,3569202.0
11,1998,Oakland,Coliseum,CL,1620272.0
12,1998,Colma,Colma,CM,1674755.0
13,1998,Concord,Concord,CN,1458456.0
14,1998,Castro Valley,Castro Valley,CV,467425.0
15,1998,Daly City,Daly City,DC,1870131.0
16,1998,Dublin/Pleasanton,Dublin/Pleasanton,ED,1299491.0
17,1998,San Francisco,Embarcadero,EM,6654490.0
18,1998,El Cerrito,El Cerrito Del Norte,EN,2098350.0
19,1998,El Cerrito,El Cerrito Plaza,EP,1082708.0
20,1998,Fremont,Fremont,FM,1589558.0
21,1998,Oakland,Fruitvale,FV,1916108.0
22,1998,San Francisco,Glen Park,GP,1816231.0
23,1998,Hayward,Hayward,HY,1221088.0
24,1998,Lafayette,Lafayette,LF,777238.0
25,1998,Oakland,Lake Merritt,LM,1064884.0
26,1998,Oakland,MacArthur,MA,1488473.0
27,1998,Millbrae,Millbrae,MB,0.0
28,1998,Milpitas,Milpitas,ML,0.0
29,1998,San Francisco,Montgomery Street,MT,8753158.0
30,1998,Berkeley,North Berkeley,NB,931497.0
31,1998,Concord,North Concord,NC,393497.0
32,1998,Oakland,Oakland International Airport,OA,0.0
33,1998,Orinda,Orinda,OR,723217.0
34,1998,Oakland,West Oakland,OW,1013361.0
35,1998,Pittsburg,Pittsburg Center,PC,0.0
36,1998,Pleasant Hill,Pleasant Hill,PH,1569571.0
37,1998,San Francisco,Powell Street,PL,5706363.0
38,1998,Richmond,Richmond,RM,845182.0
39,1998,Oakland,Rockridge,RR,1231864.0
40,1998,San Bruno,San Bruno,SB,0.0
41,1998,Hayward,South Hayward,SH,738345.0
42,1998,San Leandro,San Leandro,SL,1221988.0
43,1998,San Francisco,San Francisco International Airport,SO,0.0
44,1998,South San Francisco,South San Francisco,SS,0.0
45,1998,Union City,Union City,UC,1011062.0
46,1998,Walnut Creek,Walnut Creek,WC,1535896.0
47,1998,Dublin/Pleasanton,West Dublin/Pleasanton,WD,0.0
48,1998,Pittsburg,Pittsburg/Bay Point,WP,1069487.0
49,1998,Fremont,Warm Springs,WS,0.0
50,1999,Oakland,12th Street / Oakland City Center,12,3166603.0
51,1999,San Francisco,16th Street Mission,16,2481898.0
52,1999,Oakland,19th Street Oakland,19,1972883.0
53,1999,San Francisco,24th Street Mission,24,3246345.0
54,1999,Antioch,Antioch,AN,0.0
55,1999,Berkeley,Ashby,AS,1144230.0
56,1999,San Jose,Berryessa / North San José,BE,0.0
57,1999,San Leandro,Bayfair,BF,1354931.0
58,1999,Berkeley,Berkeley,BK,2958931.0
59,1999,San Francisco,Balboa Park,BP,3236254.0
60,1999,San Francisco,Civic Center,CC,4165340.0
61,1999,Oakland,Coliseum,CL,1868681.0
62,1999,Colma,Colma,CM,1834621.0
63,1999,Concord,Concord,CN,1609457.0
64,1999,Castro Valley,Castro Valley,CV,534482.0
65,1999,Daly City,Daly City,DC,2060048.0
66,1999,Dublin/Pleasanton,Dublin/Pleasanton,ED,1468926.0
67,1999,San Francisco,Embarcadero,EM,7721809.0
68,1999,El Cerrito,El Cerrito Del Norte,EN,2238095.0
69,1999,El Cerrito,El Cerrito Plaza,EP,1124305.0
70,1999,Fremont,Fremont,FM,1651748.0
71,1999,Oakland,Fruitvale,FV,2030417.0
72,1999,San Francisco,Glen Park,GP,2020673.0
73,1999,Hayward,Hayward,HY,1264119.0
74,1999,Lafayette,Lafayette,LF,816843.0
75,1999,Oakland,Lake Merritt,LM,1177877.0
76,1999,Oakland,MacArthur,MA,1655610.0
77,1999,Millbrae,Millbrae,MB,0.0
78,1999,Milpitas,Milpitas,ML,0.0
79,1999,San Francisco,Montgomery Street,MT,9336330.0
80,1999,Berkeley,North Berkeley,NB,989714.0
81,1999,Concord,North Concord,NC,421059.0
82,1999,Oakland,Oakland International Airport,OA,0.0
83,1999,Orinda,Orinda,OR,756706.0
84,1999,Oakland,West Oakland,OW,1163822.0
85,1999,Pittsburg,Pittsburg Center,PC,0.0
86,1999,Pleasant Hill,Pleasant Hill,PH,1709104.0
87,1999,San Francisco,Powell Street,PL,6313909.0
88,1999,Richmond,Richmond,RM,932945.0
89,1999,Oakland,Rockridge,RR,1320772.0
90,1999,San Bruno,San Bruno,SB,0.0
91,1999,Hayward,South Hayward,SH,784422.0
92,1999,San Leandro,San Leandro,SL,1340185.0
93,1999,San Francisco,San Francisco International Airport,SO,0.0
94,1999,South San Francisco,South San Francisco,SS,0.0
95,1999,Union City,Union City,UC,1083550.0
96,1999,Walnut Creek,Walnut Creek,WC,1590084.0
97,1999,Dublin/Pleasanton,West Dublin/Pleasanton,WD,0.0
98,1999,Pittsburg,Pittsburg/Bay Point,WP,1187452.0
99,1999,Fremont,Warm Springs,WS,0.0
100,2000,Oakland,12th Street / Oakland City Center,12,3542436.0
101,2000,San Francisco,16th Street Mission,16,2779321.0
102,2000,Oakland,19th Street Oakland,19,2223880.0
103,2000,San Francisco,24th Street Mission,24,3529701.0
104,2000,Antioch,Antioch,AN,0.0
105,2000,Berkeley,Ashby,AS,1294967.0
106,2000,San Jose,Berryessa / North San José,BE,0.0
107,2000,San Leandro,Bayfair,BF,1528167.0
108,2000,Berkeley,Berkeley,BK,3259374.0
109,2000,San Francisco,Balboa Park,BP,3467538.0
110,2000,San Francisco,Civic Center,CC,4945449.0
111,2000,Oakland,Coliseum,CL,2230623.0
112,2000,Colma,Colma,CM,2031790.0
113,2000,Concord,Concord,CN,1717095.0
114,2000,Castro Valley,Castro Valley,CV,624084.0
115,2000,Daly City,Daly City,DC,2295387.0
116,2000,Dublin/Pleasanton,Dublin/Pleasanton,ED,1836214.0
117,2000,San Francisco,Embarcadero,EM,9439049.0
118,2000,El Cerrito,El Cerrito Del Norte,EN,2532567.0
119,2000,El Cerrito,El Cerrito Plaza,EP,1213776.0
120,2000,Fremont,Fremont,FM,1864403.0
121,2000,Oakland,Fruitvale,FV,2441546.0
122,2000,San Francisco,Glen Park,GP,2194119.0
123,2000,Hayward,Hayward,HY,1414837.0
124,2000,Lafayette,Lafayette,LF,907690.0
125,2000,Oakland,Lake Merritt,LM,1339305.0
126,2000,Oakland,MacArthur,MA,1897859.0
127,2000,Millbrae,Millbrae,MB,0.0
128,2000,Milpitas,Milpitas,ML,0.0
129,2000,San Francisco,Montgomery Street,MT,10312866.0
130,2000,Berkeley,North Berkeley,NB,1132549.0
131,2000,Concord,North Concord,NC,528245.0
132,2000,Oakland,Oakland International Airport,OA,0.0
133,2000,Orinda,Orinda,OR,797241.0
134,2000,Oakland,West Oakland,OW,1375324.0
135,2000,Pittsburg,Pittsburg Center,PC,0.0
136,2000,Pleasant Hill,Pleasant Hill,PH,1872437.0
137,2000,San Francisco,Powell Street,PL,7720158.0
138,2000,Richmond,Richmond,RM,1127594.0
139,2000,Oakland,Rockridge,RR,1443231.0
140,2000,San Bruno,San Bruno,SB,0.0
141,2000,Hayward,South Hayward,SH,878289.0
142,2000,San Leandro,San Leandro,SL,1499063.0
143,2000,San Francisco,San Francisco International Airport,SO,0.0
144,2000,South San Francisco,South San Francisco,SS,0.0
145,2000,Union City,Union City,UC,1195964.0
146,2000,Walnut Creek,Walnut Creek,WC,1769113.0
147,2000,Dublin/Pleasanton,West Dublin/Pleasanton,WD,0.0
148,2000,Pittsburg,Pittsburg/Bay Point,WP,1373551.0
149,2000,Fremont,Warm Springs,WS,0.0
150,2001,Oakland,12th Street / Oakland City Center,12,3466978.0
151,2001,San Francisco,16th Street Mission,16,2792681.0
152,2001,Oakland,19th Street Oakland,19,2278793.0
153,2001,San Francisco,24th Street Mission,24,3483113.0
154,2001,Antioch,Antioch,AN,0.0
155,2001,Berkeley,Ashby,AS,1269795.0
156,2001,San Jose,Berryessa / North San José,BE,0.0
157,2001,San Leandro,Bayfair,BF,1516743.0
158,2001,Berkeley,Berkeley,BK,3280005.0
159,2001,San Francisco,Balboa Park,BP,3657800.0
160,2001,San Francisco,Civic Center,CC,5272104.0
161,2001,Oakland,Coliseum,CL,2240295.0
162,2001,Colma,Colma,CM,1966380.0
163,2001,Concord,Concord,CN,1690538.0
164,2001,Castro Valley,Castro Valley,CV,611011.0
165,2001,Daly City,Daly City,DC,2308748.0
166,2001,Dublin/Pleasanton,Dublin/Pleasanton,ED,1802857.0
167,2001,San Francisco,Embarcadero,EM,9150912.0
168,2001,El Cerrito,El Cerrito Del Norte,EN,2455000.0
169,2001,El Cerrito,El Cerrito Plaza,EP,1125897.0
170,2001,Fremont,Fremont,FM,1808346.0
171,2001,Oakland,Fruitvale,FV,2355148.0
172,2001,San Francisco,Glen Park,GP,2131728.0
173,2001,Hayward,Hayward,HY,1407664.0
174,2001,Lafayette,Lafayette,LF,886345.0
175,2001,Oakland,Lake Merritt,LM,1368937.0
176,2001,Oakland,MacArthur,MA,1848443.0
177,2001,Millbrae,Millbrae,MB,0.0
178,2001,Milpitas,Milpitas,ML,0.0
179,2001,San Francisco,Montgomery Street,MT,9290706.0
180,2001,Berkeley,North Berkeley,NB,1108441.0
181,2001,Concord,North Concord,NC,540584.0
182,2001,Oakland,Oakland International Airport,OA,0.0
183,2001,Orinda,Orinda,OR,771423.0
184,2001,Oakland,West Oakland,OW,1404235.0
185,2001,Pittsburg,Pittsburg Center,PC,0.0
186,2001,Pleasant Hill,Pleasant Hill,PH,1788473.0
187,2001,San Francisco,Powell Street,PL,8417055.0
188,2001,Richmond,Richmond,RM,1268672.0
189,2001,Oakland,Rockridge,RR,1391514.0
190,2001,San Bruno,San Bruno,SB,0.0
191,2001,Hayward,South Hayward,SH,865482.0
192,2001,San Leandro,San Leandro,SL,1463850.0
193,2001,San Francisco,San Francisco International Airport,SO,0.0
194,2001,South San Francisco,South San Francisco,SS,0.0
195,2001,Union City,Union City,UC,1173050.0
196,2001,Walnut Creek,Walnut Creek,WC,1765556.0
197,2001,Dublin/Pleasanton,West Dublin/Pleasanton,WD,0.0
198,2001,Pittsburg,Pittsburg/Bay Point,WP,1415478.0
199,2001,Fremont,Warm Springs,WS,0.0
200,2002,Oakland,12th Street / Oakland City Center,12,3377088.0
201,2002,San Francisco,16th Street Mission,16,2475031.0
202,2002,Oakland,19th Street Oakland,19,2164622.0
203,2002,San Francisco,24th Street Mission,24,3310956.0
204,2002,Antioch,Antioch,AN,0.0
205,2002,Berkeley,Ashby,AS,1170275.0
206,2002,San Jose,Berryessa / North San José,BE,0.0
207,2002,San Leandro,Bayfair,BF,1397886.0
208,2002,Berkeley,Berkeley,BK,3250401.0
209,2002,San Francisco,Balboa Park,BP,3598651.0
210,2002,San Francisco,Civic Center,CC,5111699.0
211,2002,Oakland,Coliseum,CL,2298719.0
212,2002,Colma,Colma,CM,1883919.0
213,2002,Concord,Concord,CN,1571877.0
214,2002,Castro Valley,Castro Valley,CV,591789.0
215,2002,Daly City,Daly City,DC,2229175.0
216,2002,Dublin/Pleasanton,Dublin/Pleasanton,ED,1790040.0
217,2002,San Francisco,Embarcadero,EM,8406576.0
218,2002,El Cerrito,El Cerrito Del Norte,EN,2093823.0
219,2002,El Cerrito,El Cerrito Plaza,EP,1093024.0
220,2002,Fremont,Fremont,FM,1716453.0
221,2002,Oakland,Fruitvale,FV,2032280.0
222,2002,San Francisco,Glen Park,GP,2027370.0
223,2002,Hayward,Hayward,HY,1301477.0
224,2002,Lafayette,Lafayette,LF,853449.0
225,2002,Oakland,Lake Merritt,LM,1361874.0
226,2002,Oakland,MacArthur,MA,1685174.0
227,2002,Millbrae,Millbrae,MB,0.0
228,2002,Milpitas,Milpitas,ML,0.0
229,2002,San Francisco,Montgomery Street,MT,8409090.0
230,2002,Berkeley,North Berkeley,NB,999082.0
231,2002,Concord,North Concord,NC,481400.0
232,2002,Oakland,Oakland International Airport,OA,0.0
233,2002,Orinda,Orinda,OR,741645.0
234,2002,Oakland,West Oakland,OW,1287432.0
235,2002,Pittsburg,Pittsburg Center,PC,0.0
236,2002,Pleasant Hill,Pleasant Hill,PH,1683001.0
237,2002,San Francisco,Powell Street,PL,7749005.0
238,2002,Richmond,Richmond,RM,1164977.0
239,2002,Oakland,Rockridge,RR,1322694.0
240,2002,San Bruno,San Bruno,SB,0.0
241,2002,Hayward,South Hayward,SH,814468.0
242,2002,San Leandro,San Leandro,SL,1393540.0
243,2002,San Francisco,San Francisco International Airport,SO,0.0
244,2002,South San Francisco,South San Francisco,SS,0.0
245,2002,Union City,Union City,UC,1113788.0
246,2002,Walnut Creek,Walnut Creek,WC,1618492.0
247,2002,Dublin/Pleasanton,West Dublin/Pleasanton,WD,0.0
248,2002,Pittsburg,Pittsburg/Bay Point,WP,1340966.0
249,2002,Fremont,Warm Springs,WS,0.0
250,2003,Oakland,12th Street / Oakland City Center,12,3389845.0
251,2003,San Francisco,16th Street Mission,16,2562177.0
252,2003,Oakland,19th Street Oakland,19,2091694.0
253,2003,San Francisco,24th Street Mission,24,3312899.0
254,2003,Antioch,Antioch,AN,0.0
255,2003,Berkeley,Ashby,AS,1140612.0
256,2003,San Jose,Berryessa / North San José,BE,0.0
257,2003,San Leandro,Bayfair,BF,1429293.0
258,2003,Berkeley,Berkeley,BK,3177058.0
259,2003,San Francisco,Balboa Park,BP,3514748.0
260,2003,San Francisco,Civic Center,CC,5332648.0
261,2003,Oakland,Coliseum,CL,2365327.0
262,2003,Colma,Colma,CM,1497885.0
263,2003,Concord,Concord,CN,1495822.0
264,2003,Castro Valley,Castro Valley,CV,600628.0
265,2003,Daly City,Daly City,DC,2168516.0
266,2003,Dublin/Pleasanton,Dublin/Pleasanton,ED,1841080.0
267,2003,San Francisco,Embarcadero,EM,8137349.0
268,2003,El Cerrito,El Cerrito Del Norte,EN,2022277.0
269,2003,El Cerrito,El Cerrito Plaza,EP,1097986.0
270,2003,Fremont,Fremont,FM,1725063.0
271,2003,Oakland,Fruitvale,FV,1892852.0
272,2003,San Francisco,Glen Park,GP,1981267.0
273,2003,Hayward,Hayward,HY,1254009.0
274,2003,Lafayette,Lafayette,LF,852214.0
275,2003,Oakland,Lake Merritt,LM,1396110.0
276,2003,Oakland,MacArthur,MA,1749337.0
277,2003,Millbrae,Millbrae,MB,412857.0
278,2003,Milpitas,Milpitas,ML,0.0
279,2003,San Francisco,Montgomery Street,MT,8190212.0
280,2003,Berkeley,North Berkeley,NB,1017042.0
281,2003,Concord,North Concord,NC,460427.0
282,2003,Oakland,Oakland International Airport,OA,0.0
283,2003,Orinda,Orinda,OR,726213.0
284,2003,Oakland,West Oakland,OW,1219657.0
285,2003,Pittsburg,Pittsburg Center,PC,0.0
286,2003,Pleasant Hill,Pleasant Hill,PH,1678157.0
287,2003,San Francisco,Powell Street,PL,7236903.0
288,2003,Richmond,Richmond,RM,1028417.0
289,2003,Oakland,Rockridge,RR,1353575.0
290,2003,San Bruno,San Bruno,SB,223207.0
291,2003,Hayward,South Hayward,SH,791571.0
292,2003,San Leandro,San Leandro,SL,1395259.0
293,2003,San Francisco,San Francisco International Airport,SO,553783.0
294,2003,South San Francisco,South San Francisco,SS,249467.0
295,2003,Union City,Union City,UC,1084420.0
296,2003,Walnut Creek,Walnut Creek,WC,1596477.0
297,2003,Dublin/Pleasanton,West Dublin/Pleasanton,WD,0.0
298,2003,Pittsburg,Pittsburg/Bay Point,WP,1360054.0
299,2003,Fremont,Warm Springs,WS,0.0
300,2004,Oakland,12th Street / Oakland City Center,12,3336160.0
301,2004,San Francisco,16th Street Mission,16,2712714.0
302,2004,Oakland,19th Street Oakland,19,2137906.0
303,2004,San Francisco,24th Street Mission,24,3445264.0
304,2004,Antioch,Antioch,AN,0.0
305,2004,Berkeley,Ashby,AS,1188144.0
306,2004,San Jose,Berryessa / North San José,BE,0.0
307,2004,San Leandro,Bayfair,BF,1442715.0
308,2004,Berkeley,Berkeley,BK,3186603.0
309,2004,San Francisco,Balboa Park,BP,3534602.0
310,2004,San Francisco,Civic Center,CC,5603917.0
311,2004,Oakland,Coliseum,CL,2331193.0
312,2004,Colma,Colma,CM,1021273.0
313,2004,Concord,Concord,CN,1495150.0
314,2004,Castro Valley,Castro Valley,CV,625748.0
315,2004,Daly City,Daly City,DC,2132897.0
316,2004,Dublin/Pleasanton,Dublin/Pleasanton,ED,1989805.0
317,2004,San Francisco,Embarcadero,EM,8404646.0
318,2004,El Cerrito,El Cerrito Del Norte,EN,2171956.0
319,2004,El Cerrito,El Cerrito Plaza,EP,1105272.0
320,2004,Fremont,Fremont,FM,1782716.0
321,2004,Oakland,Fruitvale,FV,1975410.0
322,2004,San Francisco,Glen Park,GP,1960954.0
323,2004,Hayward,Hayward,HY,1258965.0
324,2004,Lafayette,Lafayette,LF,881786.0
325,2004,Oakland,Lake Merritt,LM,1415309.0
326,2004,Oakland,MacArthur,MA,1830238.0
327,2004,Millbrae,Millbrae,MB,948354.0
328,2004,Milpitas,Milpitas,ML,0.0
329,2004,San Francisco,Montgomery Street,MT,8353452.0
330,2004,Berkeley,North Berkeley,NB,1055237.0
331,2004,Concord,North Concord,NC,458777.0
332,2004,Oakland,Oakland International Airport,OA,0.0
333,2004,Orinda,Orinda,OR,748323.0
334,2004,Oakland,West Oakland,OW,1279425.0
335,2004,Pittsburg,Pittsburg Center,PC,0.0
336,2004,Pleasant Hill,Pleasant Hill,PH,1703953.0
337,2004,San Francisco,Powell Street,PL,7605163.0
338,2004,Richmond,Richmond,RM,1005136.0
339,2004,Oakland,Rockridge,RR,1371707.0
340,2004,San Bruno,San Bruno,SB,487457.0
341,2004,Hayward,South Hayward,SH,796901.0
342,2004,San Leandro,San Leandro,SL,1425215.0
343,2004,San Francisco,San Francisco International Airport,SO,1090896.0
344,2004,South San Francisco,South San Francisco,SS,659057.0
345,2004,Union City,Union City,UC,1086008.0
346,2004,Walnut Creek,Walnut Creek,WC,1632722.0
347,2004,Dublin/Pleasanton,West Dublin/Pleasanton,WD,0.0
348,2004,Pittsburg,Pittsburg/Bay Point,WP,1418205.0
349,2004,Fremont,Warm Springs,WS,0.0
350,2005,Oakland,12th Street / Oakland City Center,12,3385441.0
351,2005,San Francisco,16th Street Mission,16,2928835.0
352,2005,Oakland,19th Street Oakland,19,2256643.0
353,2005,San Francisco,24th Street Mission,24,3529686.0
354,2005,Antioch,Antioch,AN,0.0
355,2005,Berkeley,Ashby,AS,1240509.0
356,2005,San Jose,Berryessa / North San José,BE,0.0
357,2005,San Leandro,Bayfair,BF,1498195.0
358,2005,Berkeley,Berkeley,BK,3260575.0
359,2005,San Francisco,Balboa Park,BP,3587145.0
360,2005,San Francisco,Civic Center,CC,5580847.0
361,2005,Oakland,Coliseum,CL,2466277.0
362,2005,Colma,Colma,CM,946976.0
363,2005,Concord,Concord,CN,1507199.0
364,2005,Castro Valley,Castro Valley,CV,655322.0
365,2005,Daly City,Daly City,DC,2246990.0
366,2005,Dublin/Pleasanton,Dublin/Pleasanton,ED,2071692.0
367,2005,San Francisco,Embarcadero,EM,8690486.0
368,2005,El Cerrito,El Cerrito Del Norte,EN,2222996.0
369,2005,El Cerrito,El Cerrito Plaza,EP,1136986.0
370,2005,Fremont,Fremont,FM,1889823.0
371,2005,Oakland,Fruitvale,FV,2134646.0
372,2005,San Francisco,Glen Park,GP,1996343.0
373,2005,Hayward,Hayward,HY,1295526.0
374,2005,Lafayette,Lafayette,LF,894816.0
375,2005,Oakland,Lake Merritt,LM,1455126.0
376,2005,Oakland,MacArthur,MA,1936080.0
377,2005,Millbrae,Millbrae,MB,1022651.0
378,2005,Milpitas,Milpitas,ML,0.0
379,2005,San Francisco,Montgomery Street,MT,8561903.0
380,2005,Berkeley,North Berkeley,NB,1085442.0
381,2005,Concord,North Concord,NC,455576.0
382,2005,Oakland,Oakland International Airport,OA,0.0
383,2005,Orinda,Orinda,OR,765743.0
384,2005,Oakland,West Oakland,OW,1349955.0
385,2005,Pittsburg,Pittsburg Center,PC,0.0
386,2005,Pleasant Hill,Pleasant Hill,PH,1689258.0
387,2005,San Francisco,Powell Street,PL,7621335.0
388,2005,Richmond,Richmond,RM,1006597.0
389,2005,Oakland,Rockridge,RR,1430642.0
390,2005,San Bruno,San Bruno,SB,570531.0
391,2005,Hayward,South Hayward,SH,822113.0
392,2005,San Leandro,San Leandro,SL,1441310.0
393,2005,San Francisco,San Francisco International Airport,SO,1229047.0
394,2005,South San Francisco,South San Francisco,SS,742676.0
395,2005,Union City,Union City,UC,1114279.0
396,2005,Walnut Creek,Walnut Creek,WC,1679143.0
397,2005,Dublin/Pleasanton,West Dublin/Pleasanton,WD,0.0
398,2005,Pittsburg,Pittsburg/Bay Point,WP,1435241.0
399,2005,Fremont,Warm Springs,WS,0.0
400,2006,Oakland,12th Street / Oakland City Center,12,3428306.0
401,2006,San Francisco,16th Street Mission,16,3110082.0
402,2006,Oakland,19th Street Oakland,19,2321413.0
403,2006,San Francisco,24th Street Mission,24,3701263.0
404,2006,Antioch,Antioch,AN,0.0
405,2006,Berkeley,Ashby,AS,1295086.0
406,2006,San Jose,Berryessa / North San José,BE,0.0
407,2006,San Leandro,Bayfair,BF,1537950.0
408,2006,Berkeley,Berkeley,BK,3390412.0
409,2006,San Francisco,Balboa Park,BP,3849477.0
410,2006,San Francisco,Civic Center,CC,5557421.0
411,2006,Oakland,Coliseum,CL,2499042.0
412,2006,Colma,Colma,CM,955392.0
413,2006,Concord,Concord,CN,1542699.0
414,2006,Castro Valley,Castro Valley,CV,686863.0
415,2006,Daly City,Daly City,DC,2379689.0
416,2006,Dublin/Pleasanton,Dublin/Pleasanton,ED,2225619.0
417,2006,San Francisco,Embarcadero,EM,9147412.0
418,2006,El Cerrito,El Cerrito Del Norte,EN,2282358.0
419,2006,El Cerrito,El Cerrito Plaza,EP,1197362.0
420,2006,Fremont,Fremont,FM,1980003.0
421,2006,Oakland,Fruitvale,FV,2206218.0
422,2006,San Francisco,Glen Park,GP,2166914.0
423,2006,Hayward,Hayward,HY,1317977.0
424,2006,Lafayette,Lafayette,LF,927275.0
425,2006,Oakland,Lake Merritt,LM,1535283.0
426,2006,Oakland,MacArthur,MA,2022445.0
427,2006,Millbrae,Millbrae,MB,1059683.0
428,2006,Milpitas,Milpitas,ML,0.0
429,2006,San Francisco,Montgomery Street,MT,8946415.0
430,2006,Berkeley,North Berkeley,NB,1137711.0
431,2006,Concord,North Concord,NC,485671.0
432,2006,Oakland,Oakland International Airport,OA,0.0
433,2006,Orinda,Orinda,OR,774220.0
434,2006,Oakland,West Oakland,OW,1388800.0
435,2006,Pittsburg,Pittsburg Center,PC,0.0
436,2006,Pleasant Hill,Pleasant Hill,PH,1692810.0
437,2006,San Francisco,Powell Street,PL,8323905.0
438,2006,Richmond,Richmond,RM,990688.0
439,2006,Oakland,Rockridge,RR,1475832.0
440,2006,San Bruno,San Bruno,SB,628698.0
441,2006,Hayward,South Hayward,SH,838064.0
442,2006,San Leandro,San Leandro,SL,1479747.0
443,2006,San Francisco,San Francisco International Airport,SO,1264991.0
444,2006,South San Francisco,South San Francisco,SS,705546.0
445,2006,Union City,Union City,UC,1149746.0
446,2006,Walnut Creek,Walnut Creek,WC,1715201.0
447,2006,Dublin/Pleasanton,West Dublin/Pleasanton,WD,0.0
448,2006,Pittsburg,Pittsburg/Bay Point,WP,1455433.0
449,2006,Fremont,Warm Springs,WS,0.0
450,2007,Oakland,12th Street / Oakland City Center,12,3457089.0
451,2007,San Francisco,16th Street Mission,16,3293145.0
452,2007,Oakland,19th Street Oakland,19,2317747.0
453,2007,San Francisco,24th Street Mission,24,3814326.0
454,2007,Antioch,Antioch,AN,0.0
455,2007,Berkeley,Ashby,AS,1330505.0
456,2007,San Jose,Berryessa / North San José,BE,0.0
457,2007,San Leandro,Bayfair,BF,1584698.0
458,2007,Berkeley,Berkeley,BK,3536902.0
459,2007,San Francisco,Balboa Park,BP,4013496.0
460,2007,San Francisco,Civic Center,CC,5795453.0
461,2007,Oakland,Coliseum,CL,2502278.0
462,2007,Colma,Colma,CM,989128.0
463,2007,Concord,Concord,CN,1558775.0
464,2007,Castro Valley,Castro Valley,CV,719869.0
465,2007,Daly City,Daly City,DC,2492008.0
466,2007,Dublin/Pleasanton,Dublin/Pleasanton,ED,2336289.0
467,2007,San Francisco,Embarcadero,EM,9696683.0
468,2007,El Cerrito,El Cerrito Del Norte,EN,2331275.0
469,2007,El Cerrito,El Cerrito Plaza,EP,1237621.0
470,2007,Fremont,Fremont,FM,2037757.0
471,2007,Oakland,Fruitvale,FV,2228250.0
472,2007,San Francisco,Glen Park,GP,2233827.0
473,2007,Hayward,Hayward,HY,1334197.0
474,2007,Lafayette,Lafayette,LF,953431.0
475,2007,Oakland,Lake Merritt,LM,1618524.0
476,2007,Oakland,MacArthur,MA,2138117.0
477,2007,Millbrae,Millbrae,MB,1167906.0
478,2007,Milpitas,Milpitas,ML,0.0
479,2007,San Francisco,Montgomery Street,MT,9262120.0
480,2007,Berkeley,North Berkeley,NB,1163646.0
481,2007,Concord,North Concord,NC,546296.0
482,2007,Oakland,Oakland International Airport,OA,0.0
483,2007,Orinda,Orinda,OR,802605.0
484,2007,Oakland,West Oakland,OW,1460145.0
485,2007,Pittsburg,Pittsburg Center,PC,0.0
486,2007,Pleasant Hill,Pleasant Hill,PH,1698134.0
487,2007,San Francisco,Powell Street,PL,9149707.0
488,2007,Richmond,Richmond,RM,999385.0
489,2007,Oakland,Rockridge,RR,1506908.0
490,2007,San Bruno,San Bruno,SB,677715.0
491,2007,Hayward,South Hayward,SH,855588.0
492,2007,San Leandro,San Leandro,SL,1505867.0
493,2007,San Francisco,San Francisco International Airport,SO,1441368.0
494,2007,South San Francisco,South San Francisco,SS,747387.0
495,2007,Union City,Union City,UC,1156228.0
496,2007,Walnut Creek,Walnut Creek,WC,1745286.0
497,2007,Dublin/Pleasanton,West Dublin/Pleasanton,WD,0.0
498,2007,Pittsburg,Pittsburg/Bay Point,WP,1476541.0
499,2007,Fremont,Warm Springs,WS,0.0
500,2008,Oakland,12th Street / Oakland City Center,12,3550032.0
501,2008,San Francisco,16th Street Mission,16,3532203.0
502,2008,Oakland,19th Street Oakland,19,2477489.0
503,2008,San Francisco,24th Street Mission,24,3917410.0
504,2008,Antioch,Antioch,AN,0.0
505,2008,Berkeley,Ashby,AS,1373674.0
506,2008,San Jose,Berryessa / North San José,BE,0.0
507,2008,San Leandro,Bayfair,BF,1678954.0
508,2008,Berkeley,Berkeley,BK,3704562.0
509,2008,San Francisco,Balboa Park,BP,4225513.0
510,2008,San Francisco,Civic Center,CC,6042465.0
511,2008,Oakland,Coliseum,CL,2387533.0
512,2008,Colma,Colma,CM,1107709.0
513,2008,Concord,Concord,CN,1587469.0
514,2008,Castro Valley,Castro Valley,CV,749045.0
515,2008,Daly City,Daly City,DC,2478563.0
516,2008,Dublin/Pleasanton,Dublin/Pleasanton,ED,2408690.0
517,2008,San Francisco,Embarcadero,EM,10144343.0
518,2008,El Cerrito,El Cerrito Del Norte,EN,2394170.0
519,2008,El Cerrito,El Cerrito Plaza,EP,1288578.0
520,2008,Fremont,Fremont,FM,2141667.0
521,2008,Oakland,Fruitvale,FV,2294682.0
522,2008,San Francisco,Glen Park,GP,2295820.0
523,2008,Hayward,Hayward,HY,1367118.0
524,2008,Lafayette,Lafayette,LF,992200.0
525,2008,Oakland,Lake Merritt,LM,1734010.0
526,2008,Oakland,MacArthur,MA,2306967.0
527,2008,Millbrae,Millbrae,MB,1376515.0
528,2008,Milpitas,Milpitas,ML,0.0
529,2008,San Francisco,Montgomery Street,MT,9539025.0
530,2008,Berkeley,North Berkeley,NB,1214556.0
531,2008,Concord,North Concord,NC,605223.0
532,2008,Oakland,Oakland International Airport,OA,0.0
533,2008,Orinda,Orinda,OR,820466.0
534,2008,Oakland,West Oakland,OW,1527091.0
535,2008,Pittsburg,Pittsburg Center,PC,0.0
536,2008,Pleasant Hill,Pleasant Hill,PH,1743875.0
537,2008,San Francisco,Powell Street,PL,9349416.0
538,2008,Richmond,Richmond,RM,1066000.0
539,2008,Oakland,Rockridge,RR,1600243.0
540,2008,San Bruno,San Bruno,SB,806995.0
541,2008,Hayward,South Hayward,SH,889078.0
542,2008,San Leandro,San Leandro,SL,1554762.0
543,2008,San Francisco,San Francisco International Airport,SO,1767505.0
544,2008,South San Francisco,South San Francisco,SS,847978.0
545,2008,Union City,Union City,UC,1125011.0
546,2008,Walnut Creek,Walnut Creek,WC,1815673.0
547,2008,Dublin/Pleasanton,West Dublin/Pleasanton,WD,0.0
548,2008,Pittsburg,Pittsburg/Bay Point,WP,1532457.0
549,2008,Fremont,Warm Springs,WS,0.0
550,2009,Oakland,12th Street / Oakland City Center,12,3372620.0
551,2009,San Francisco,16th Street Mission,16,3516463.0
552,2009,Oakland,19th Street Oakland,19,2547033.0
553,2009,San Francisco,24th Street Mission,24,3832783.0
554,2009,Antioch,Antioch,AN,0.0
555,2009,Berkeley,Ashby,AS,1280807.0
556,2009,San Jose,Berryessa / North San José,BE,0.0
557,2009,San Leandro,Bayfair,BF,1572083.0
558,2009,Berkeley,Berkeley,BK,3604279.0
559,2009,San Francisco,Balboa Park,BP,4063233.0
560,2009,San Francisco,Civic Center,CC,5875636.0
561,2009,Oakland,Coliseum,CL,2094363.0
562,2009,Colma,Colma,CM,1047225.0
563,2009,Concord,Concord,CN,1472540.0
564,2009,Castro Valley,Castro Valley,CV,700965.0
565,2009,Daly City,Daly City,DC,2279021.0
566,2009,Dublin/Pleasanton,Dublin/Pleasanton,ED,2299258.0
567,2009,San Francisco,Embarcadero,EM,9792818.0
568,2009,El Cerrito,El Cerrito Del Norte,EN,2234828.0
569,2009,El Cerrito,El Cerrito Plaza,EP,1255486.0
570,2009,Fremont,Fremont,FM,2029392.0
571,2009,Oakland,Fruitvale,FV,2152733.0
572,2009,San Francisco,Glen Park,GP,2206100.0
573,2009,Hayward,Hayward,HY,1290174.0
574,2009,Lafayette,Lafayette,LF,973384.0
575,2009,Oakland,Lake Merritt,LM,1677161.0
576,2009,Oakland,MacArthur,MA,2282075.0
577,2009,Millbrae,Millbrae,MB,1360594.0
578,2009,Milpitas,Milpitas,ML,0.0
579,2009,San Francisco,Montgomery Street,MT,9096575.0
580,2009,Berkeley,North Berkeley,NB,1201259.0
581,2009,Concord,North Concord,NC,533699.0
582,2009,Oakland,Oakland International Airport,OA,0.0
583,2009,Orinda,Orinda,OR,810664.0
584,2009,Oakland,West Oakland,OW,1516246.0
585,2009,Pittsburg,Pittsburg Center,PC,0.0
586,2009,Pleasant Hill,Pleasant Hill,PH,1644366.0
587,2009,San Francisco,Powell Street,PL,8764062.0
588,2009,Richmond,Richmond,RM,1010716.0
589,2009,Oakland,Rockridge,RR,1600302.0
590,2009,San Bruno,San Bruno,SB,808669.0
591,2009,Hayward,South Hayward,SH,804030.0
592,2009,San Leandro,San Leandro,SL,1471510.0
593,2009,San Francisco,San Francisco International Airport,SO,1811906.0
594,2009,South San Francisco,South San Francisco,SS,801910.0
595,2009,Union City,Union City,UC,1088935.0
596,2009,Walnut Creek,Walnut Creek,WC,1763034.0
597,2009,Dublin/Pleasanton,West Dublin/Pleasanton,WD,0.0
598,2009,Pittsburg,Pittsburg/Bay Point,WP,1461472.0
599,2009,Fremont,Warm Springs,WS,0.0
600,2010,Oakland,12th Street / Oakland City Center,12,3356412.0
601,2010,San Francisco,16th Street Mission,16,3288773.0
602,2010,Oakland,19th Street Oakland,19,2608087.0
603,2010,San Francisco,24th Street Mission,24,3597513.0
604,2010,Antioch,Antioch,AN,0.0
605,2010,Berkeley,Ashby,AS,1223515.0
606,2010,San Jose,Berryessa / North San José,BE,0.0
607,2010,San Leandro,Bayfair,BF,1556461.0
608,2010,Berkeley,Berkeley,BK,3579577.0
609,2010,San Francisco,Balboa Park,BP,3489805.0
610,2010,San Francisco,Civic Center,CC,5482300.0
611,2010,Oakland,Coliseum,CL,2093571.0
612,2010,Colma,Colma,CM,1035978.0
613,2010,Concord,Concord,CN,1472127.0
614,2010,Castro Valley,Castro Valley,CV,702150.0
615,2010,Daly City,Daly City,DC,2336228.0
616,2010,Dublin/Pleasanton,Dublin/Pleasanton,ED,2334663.0
617,2010,San Francisco,Embarcadero,EM,9877137.0
618,2010,El Cerrito,El Cerrito Del Norte,EN,2154073.0
619,2010,El Cerrito,El Cerrito Plaza,EP,1254478.0
620,2010,Fremont,Fremont,FM,2093841.0
621,2010,Oakland,Fruitvale,FV,2143007.0
622,2010,San Francisco,Glen Park,GP,2062005.0
623,2010,Hayward,Hayward,HY,1266265.0
624,2010,Lafayette,Lafayette,LF,1000071.0
625,2010,Oakland,Lake Merritt,LM,1647464.0
626,2010,Oakland,MacArthur,MA,2322898.0
627,2010,Millbrae,Millbrae,MB,1483866.0
628,2010,Milpitas,Milpitas,ML,0.0
629,2010,San Francisco,Montgomery Street,MT,9053442.0
630,2010,Berkeley,North Berkeley,NB,1185425.0
631,2010,Concord,North Concord,NC,533454.0
632,2010,Oakland,Oakland International Airport,OA,0.0
633,2010,Orinda,Orinda,OR,809700.0
634,2010,Oakland,West Oakland,OW,1503384.0
635,2010,Pittsburg,Pittsburg Center,PC,0.0
636,2010,Pleasant Hill,Pleasant Hill,PH,1622845.0
637,2010,San Francisco,Powell Street,PL,8319627.0
638,2010,Richmond,Richmond,RM,1011674.0
639,2010,Oakland,Rockridge,RR,1573483.0
640,2010,San Bruno,San Bruno,SB,832976.0
641,2010,Hayward,South Hayward,SH,824339.0
642,2010,San Leandro,San Leandro,SL,1477948.0
643,2010,San Francisco,San Francisco International Airport,SO,1717686.0
644,2010,South San Francisco,South San Francisco,SS,794763.0
645,2010,Union City,Union City,UC,1104223.0
646,2010,Walnut Creek,Walnut Creek,WC,1781157.0
647,2010,Dublin/Pleasanton,West Dublin/Pleasanton,WD,0.0
648,2010,Pittsburg,Pittsburg/Bay Point,WP,1447222.0
649,2010,Fremont,Warm Springs,WS,0.0
650,2011,Oakland,12th Street / Oakland City Center,12,3503909.0
651,2011,San Francisco,16th Street Mission,16,3446714.0
652,2011,Oakland,19th Street Oakland,19,2837360.0
653,2011,San Francisco,24th Street Mission,24,3775397.0
654,2011,Antioch,Antioch,AN,0.0
655,2011,Berkeley,Ashby,AS,1366040.0
656,2011,San Jose,Berryessa / North San José,BE,0.0
657,2011,San Leandro,Bayfair,BF,1611626.0
658,2011,Berkeley,Berkeley,BK,3713966.0
659,2011,San Francisco,Balboa Park,BP,3498312.0
660,2011,San Francisco,Civic Center,CC,5518292.0
661,2011,Oakland,Coliseum,CL,2227395.0
662,2011,Colma,Colma,CM,1112430.0
663,2011,Concord,Concord,CN,1547674.0
664,2011,Castro Valley,Castro Valley,CV,742559.0
665,2011,Daly City,Daly City,DC,2525273.0
666,2011,Dublin/Pleasanton,Dublin/Pleasanton,ED,2118248.0
667,2011,San Francisco,Embarcadero,EM,10357972.0
668,2011,El Cerrito,El Cerrito Del Norte,EN,2279654.0
669,2011,El Cerrito,El Cerrito Plaza,EP,1303602.0
670,2011,Fremont,Fremont,FM,2216198.0
671,2011,Oakland,Fruitvale,FV,2301072.0
672,2011,San Francisco,Glen Park,GP,2100883.0
673,2011,Hayward,Hayward,HY,1375758.0
674,2011,Lafayette,Lafayette,LF,1017919.0
675,2011,Oakland,Lake Merritt,LM,1731012.0
676,2011,Oakland,MacArthur,MA,2495086.0
677,2011,Millbrae,Millbrae,MB,1608474.0
678,2011,Milpitas,Milpitas,ML,0.0
679,2011,San Francisco,Montgomery Street,MT,9749612.0
680,2011,Berkeley,North Berkeley,NB,1264642.0
681,2011,Concord,North Concord,NC,594204.0
682,2011,Oakland,Oakland International Airport,OA,0.0
683,2011,Orinda,Orinda,OR,807864.0
684,2011,Oakland,West Oakland,OW,1594109.0
685,2011,Pittsburg,Pittsburg Center,PC,0.0
686,2011,Pleasant Hill,Pleasant Hill,PH,1712446.0
687,2011,San Francisco,Powell Street,PL,8762391.0
688,2011,Richmond,Richmond,RM,1079220.0
689,2011,Oakland,Rockridge,RR,1648271.0
690,2011,San Bruno,San Bruno,SB,936622.0
691,2011,Hayward,South Hayward,SH,876121.0
692,2011,San Leandro,San Leandro,SL,1556049.0
693,2011,San Francisco,San Francisco International Airport,SO,1898686.0
694,2011,South San Francisco,South San Francisco,SS,833063.0
695,2011,Union City,Union City,UC,1160926.0
696,2011,Walnut Creek,Walnut Creek,WC,1831743.0
697,2011,Dublin/Pleasanton,West Dublin/Pleasanton,WD,533696.0
698,2011,Pittsburg,Pittsburg/Bay Point,WP,1545856.0
699,2011,Fremont,Warm Springs,WS,0.0
700,2012,Oakland,12th Street / Oakland City Center,12,3640966.0
701,2012,San Francisco,16th Street Mission,16,3765196.0
702,2012,Oakland,19th Street Oakland,19,3128384.0
703,2012,San Francisco,24th Street Mission,24,3942362.0
704,2012,Antioch,Antioch,AN,0.0
705,2012,Berkeley,Ashby,AS,1494904.0
706,2012,San Jose,Berryessa / North San José,BE,0.0
707,2012,San Leandro,Bayfair,BF,1711651.0
708,2012,Berkeley,Berkeley,BK,3989730.0
709,2012,San Francisco,Balboa Park,BP,3624358.0
710,2012,San Francisco,Civic Center,CC,5990415.0
711,2012,Oakland,Coliseum,CL,2491231.0
712,2012,Colma,Colma,CM,1278521.0
713,2012,Concord,Concord,CN,1663513.0
714,2012,Castro Valley,Castro Valley,CV,797474.0
715,2012,Daly City,Daly City,DC,2736478.0
716,2012,Dublin/Pleasanton,Dublin/Pleasanton,ED,2080170.0
717,2012,San Francisco,Embarcadero,EM,11236035.0
718,2012,El Cerrito,El Cerrito Del Norte,EN,2437365.0
719,2012,El Cerrito,El Cerrito Plaza,EP,1383160.0
720,2012,Fremont,Fremont,FM,2339589.0
721,2012,Oakland,Fruitvale,FV,2457495.0
722,2012,San Francisco,Glen Park,GP,2241939.0
723,2012,Hayward,Hayward,HY,1474468.0
724,2012,Lafayette,Lafayette,LF,1077510.0
725,2012,Oakland,Lake Merritt,LM,1871873.0
726,2012,Oakland,MacArthur,MA,2692702.0
727,2012,Millbrae,Millbrae,MB,1792660.0
728,2012,Milpitas,Milpitas,ML,0.0
729,2012,San Francisco,Montgomery Street,MT,10565867.0
730,2012,Berkeley,North Berkeley,NB,1341208.0
731,2012,Concord,North Concord,NC,666689.0
732,2012,Oakland,Oakland International Airport,OA,0.0
733,2012,Orinda,Orinda,OR,851077.0
734,2012,Oakland,West Oakland,OW,1738787.0
735,2012,Pittsburg,Pittsburg Center,PC,0.0
736,2012,Pleasant Hill,Pleasant Hill,PH,1816179.0
737,2012,San Francisco,Powell Street,PL,9314731.0
738,2012,Richmond,Richmond,RM,1162150.0
739,2012,Oakland,Rockridge,RR,1780022.0
740,2012,San Bruno,San Bruno,SB,1072523.0
741,2012,Hayward,South Hayward,SH,939205.0
742,2012,San Leandro,San Leandro,SL,1646483.0
743,2012,San Francisco,San Francisco International Airport,SO,2092870.0
744,2012,South San Francisco,South San Francisco,SS,899580.0
745,2012,Union City,Union City,UC,1241831.0
746,2012,Walnut Creek,Walnut Creek,WC,1943025.0
747,2012,Dublin/Pleasanton,West Dublin/Pleasanton,WD,821816.0
748,2012,Pittsburg,Pittsburg/Bay Point,WP,1639206.0
749,2012,Fremont,Warm Springs,WS,0.0
750,2013,Oakland,12th Street / Oakland City Center,12,3608040.0
751,2013,San Francisco,16th Street Mission,16,3802249.0
752,2013,Oakland,19th Street Oakland,19,3167795.0
753,2013,San Francisco,24th Street Mission,24,3887067.0
754,2013,Antioch,Antioch,AN,0.0
755,2013,Berkeley,Ashby,AS,1554592.0
756,2013,San Jose,Berryessa / North San José,BE,0.0
757,2013,San Leandro,Bayfair,BF,1729918.0
758,2013,Berkeley,Berkeley,BK,4038660.0
759,2013,San Francisco,Balboa Park,BP,3515687.0
760,2013,San Francisco,Civic Center,CC,6067773.0
761,2013,Oakland,Coliseum,CL,2563221.0
762,2013,Colma,Colma,CM,1226957.0
763,2013,Concord,Concord,CN,1672178.0
764,2013,Castro Valley,Castro Valley,CV,810753.0
765,2013,Daly City,Daly City,DC,2693924.0
766,2013,Dublin/Pleasanton,Dublin/Pleasanton,ED,2077440.0
767,2013,San Francisco,Embarcadero,EM,11692709.0
768,2013,El Cerrito,El Cerrito Del Norte,EN,2481604.0
769,2013,El Cerrito,El Cerrito Plaza,EP,1385704.0
770,2013,Fremont,Fremont,FM,2353863.0
771,2013,Oakland,Fruitvale,FV,2484307.0
772,2013,San Francisco,Glen Park,GP,2199884.0
773,2013,Hayward,Hayward,HY,1476724.0
774,2013,Lafayette,Lafayette,LF,1069767.0
775,2013,Oakland,Lake Merritt,LM,1925835.0
776,2013,Oakland,MacArthur,MA,2649419.0
777,2013,Millbrae,Millbrae,MB,1828693.0
778,2013,Milpitas,Milpitas,ML,0.0
779,2013,San Francisco,Montgomery Street,MT,10741028.0
780,2013,Berkeley,North Berkeley,NB,1382629.0
781,2013,Concord,North Concord,NC,703606.0
782,2013,Oakland,Oakland International Airport,OA,0.0
783,2013,Orinda,Orinda,OR,832758.0
784,2013,Oakland,West Oakland,OW,1865314.0
785,2013,Pittsburg,Pittsburg Center,PC,0.0
786,2013,Pleasant Hill,Pleasant Hill,PH,1827018.0
787,2013,San Francisco,Powell Street,PL,9372502.0
788,2013,Richmond,Richmond,RM,1175132.0
789,2013,Oakland,Rockridge,RR,1797560.0
790,2013,San Bruno,San Bruno,SB,1059121.0
791,2013,Hayward,South Hayward,SH,904803.0
792,2013,San Leandro,San Leandro,SL,1663755.0
793,2013,San Francisco,San Francisco International Airport,SO,2115765.0
794,2013,South San Francisco,South San Francisco,SS,916466.0
795,2013,Union City,Union City,UC,1289287.0
796,2013,Walnut Creek,Walnut Creek,WC,1927420.0
797,2013,Dublin/Pleasanton,West Dublin/Pleasanton,WD,929869.0
798,2013,Pittsburg,Pittsburg/Bay Point,WP,1650709.0
799,2013,Fremont,Warm Springs,WS,0.0
800,2014,Oakland,12th Street / Oakland City Center,12,3826222.0
801,2014,San Francisco,16th Street Mission,16,4025507.0
802,2014,Oakland,19th Street Oakland,19,3402704.0
803,2014,San Francisco,24th Street Mission,24,4076912.0
804,2014,Antioch,Antioch,AN,0.0
805,2014,Berkeley,Ashby,AS,1650296.0
806,2014,San Jose,Berryessa / North San José,BE,0.0
807,2014,San Leandro,Bayfair,BF,1801885.0
808,2014,Berkeley,Berkeley,BK,4243528.0
809,2014,San Francisco,Balboa Park,BP,3554239.0
810,2014,San Francisco,Civic Center,CC,6572127.0
811,2014,Oakland,Coliseum,CL,2632455.0
812,2014,Colma,Colma,CM,1285791.0
813,2014,Concord,Concord,CN,1770707.0
814,2014,Castro Valley,Castro Valley,CV,858303.0
815,2014,Daly City,Daly City,DC,2830840.0
816,2014,Dublin/Pleasanton,Dublin/Pleasanton,ED,2173471.0
817,2014,San Francisco,Embarcadero,EM,12486803.0
818,2014,El Cerrito,El Cerrito Del Norte,EN,2603915.0
819,2014,El Cerrito,El Cerrito Plaza,EP,1449705.0
820,2014,Fremont,Fremont,FM,2516861.0
821,2014,Oakland,Fruitvale,FV,2610942.0
822,2014,San Francisco,Glen Park,GP,2325482.0
823,2014,Hayward,Hayward,HY,1549453.0
824,2014,Lafayette,Lafayette,LF,1121310.0
825,2014,Oakland,Lake Merritt,LM,2096455.0
826,2014,Oakland,MacArthur,MA,2680100.0
827,2014,Millbrae,Millbrae,MB,1942729.0
828,2014,Milpitas,Milpitas,ML,0.0
829,2014,San Francisco,Montgomery Street,MT,11818485.0
830,2014,Berkeley,North Berkeley,NB,1458545.0
831,2014,Concord,North Concord,NC,751230.0
832,2014,Oakland,Oakland International Airport,OA,55243.0
833,2014,Orinda,Orinda,OR,868262.0
834,2014,Oakland,West Oakland,OW,2044583.0
835,2014,Pittsburg,Pittsburg Center,PC,0.0
836,2014,Pleasant Hill,Pleasant Hill,PH,1906943.0
837,2014,San Francisco,Powell Street,PL,9776647.0
838,2014,Richmond,Richmond,RM,1278841.0
839,2014,Oakland,Rockridge,RR,1844829.0
840,2014,San Bruno,San Bruno,SB,1144133.0
841,2014,Hayward,South Hayward,SH,921576.0
842,2014,San Leandro,San Leandro,SL,1771702.0
843,2014,San Francisco,San Francisco International Airport,SO,2242122.0
844,2014,South San Francisco,South San Francisco,SS,984372.0
845,2014,Union City,Union City,UC,1379292.0
846,2014,Walnut Creek,Walnut Creek,WC,1970734.0
847,2014,Dublin/Pleasanton,West Dublin/Pleasanton,WD,1086010.0
848,2014,Pittsburg,Pittsburg/Bay Point,WP,1767720.0
849,2014,Fremont,Warm Springs,WS,0.0
850,2015,Oakland,12th Street / Oakland City Center,12,4005375.0
851,2015,San Francisco,16th Street Mission,16,4140530.0
852,2015,Oakland,19th Street Oakland,19,3639375.0
853,2015,San Francisco,24th Street Mission,24,4066765.0
854,2015,Antioch,Antioch,AN,0.0
855,2015,Berkeley,Ashby,AS,1722279.0
856,2015,San Jose,Berryessa / North San José,BE,0.0
857,2015,San Leandro,Bayfair,BF,1807015.0
858,2015,Berkeley,Berkeley,BK,4263695.0
859,2015,San Francisco,Balboa Park,BP,3537483.0
860,2015,San Francisco,Civic Center,CC,6872056.0
861,2015,Oakland,Coliseum,CL,2353875.0
862,2015,Colma,Colma,CM,1309439.0
863,2015,Concord,Concord,CN,1825238.0
864,2015,Castro Valley,Castro Valley,CV,874925.0
865,2015,Daly City,Daly City,DC,2906812.0
866,2015,Dublin/Pleasanton,Dublin/Pleasanton,ED,2302290.0
867,2015,San Francisco,Embarcadero,EM,13105717.0
868,2015,El Cerrito,El Cerrito Del Norte,EN,2668632.0
869,2015,El Cerrito,El Cerrito Plaza,EP,1500844.0
870,2015,Fremont,Fremont,FM,2634164.0
871,2015,Oakland,Fruitvale,FV,2663563.0
872,2015,San Francisco,Glen Park,GP,2283341.0
873,2015,Hayward,Hayward,HY,1535383.0
874,2015,Lafayette,Lafayette,LF,1129965.0
875,2015,Oakland,Lake Merritt,LM,2217428.0
876,2015,Oakland,MacArthur,MA,2812641.0
877,2015,Millbrae,Millbrae,MB,2040941.0
878,2015,Milpitas,Milpitas,ML,0.0
879,2015,San Francisco,Montgomery Street,MT,12382302.0
880,2015,Berkeley,North Berkeley,NB,1483351.0
881,2015,Concord,North Concord,NC,749508.0
882,2015,Oakland,Oakland International Airport,OA,477335.0
883,2015,Orinda,Orinda,OR,894023.0
884,2015,Oakland,West Oakland,OW,2139198.0
885,2015,Pittsburg,Pittsburg Center,PC,0.0
886,2015,Pleasant Hill,Pleasant Hill,PH,2004214.0
887,2015,San Francisco,Powell Street,PL,9714817.0
888,2015,Richmond,Richmond,RM,1336596.0
889,2015,Oakland,Rockridge,RR,1882296.0
890,2015,San Bruno,San Bruno,SB,1188484.0
891,2015,Hayward,South Hayward,SH,907611.0
892,2015,San Leandro,San Leandro,SL,1789112.0
893,2015,San Francisco,San Francisco International Airport,SO,2214165.0
894,2015,South San Francisco,South San Francisco,SS,1019520.0
895,2015,Union City,Union City,UC,1441721.0
896,2015,Walnut Creek,Walnut Creek,WC,2056217.0
897,2015,Dublin/Pleasanton,West Dublin/Pleasanton,WD,1086047.0
898,2015,Pittsburg,Pittsburg/Bay Point,WP,1858269.0
899,2015,Fremont,Warm Springs,WS,0.0
900,2016,Oakland,12th Street / Oakland City Center,12,4010670.0
901,2016,San Francisco,16th Street Mission,16,4038659.0
902,2016,Oakland,19th Street Oakland,19,3752820.0
903,2016,San Francisco,24th Street Mission,24,4009740.0
904,2016,Antioch,Antioch,AN,0.0
905,2016,Berkeley,Ashby,AS,1667223.0
906,2016,San Jose,Berryessa / North San José,BE,0.0
907,2016,San Leandro,Bayfair,BF,1780092.0
908,2016,Berkeley,Berkeley,BK,4183087.0
909,2016,San Francisco,Balboa Park,BP,3245209.0
910,2016,San Francisco,Civic Center,CC,6969717.0
911,2016,Oakland,Coliseum,CL,2370795.0
912,2016,Colma,Colma,CM,1291995.0
913,2016,Concord,Concord,CN,1807737.0
914,2016,Castro Valley,Castro Valley,CV,876876.0
915,2016,Daly City,Daly City,DC,2853826.0
916,2016,Dublin/Pleasanton,Dublin/Pleasanton,ED,2381974.0
917,2016,San Francisco,Embarcadero,EM,13742439.0
918,2016,El Cerrito,El Cerrito Del Norte,EN,2675888.0
919,2016,El Cerrito,El Cerrito Plaza,EP,1527474.0
920,2016,Fremont,Fremont,FM,2684544.0
921,2016,Oakland,Fruitvale,FV,2616905.0
922,2016,San Francisco,Glen Park,GP,2259398.0
923,2016,Hayward,Hayward,HY,1498467.0
924,2016,Lafayette,Lafayette,LF,1113066.0
925,2016,Oakland,Lake Merritt,LM,2176019.0
926,2016,Oakland,MacArthur,MA,2787639.0
927,2016,Millbrae,Millbrae,MB,2009082.0
928,2016,Milpitas,Milpitas,ML,0.0
929,2016,San Francisco,Montgomery Street,MT,12789852.0
930,2016,Berkeley,North Berkeley,NB,1440290.0
931,2016,Concord,North Concord,NC,784048.0
932,2016,Oakland,Oakland International Airport,OA,475497.0
933,2016,Orinda,Orinda,OR,908541.0
934,2016,Oakland,West Oakland,OW,2201645.0
935,2016,Pittsburg,Pittsburg Center,PC,0.0
936,2016,Pleasant Hill,Pleasant Hill,PH,2110440.0
937,2016,San Francisco,Powell Street,PL,9470204.0
938,2016,Richmond,Richmond,RM,1296723.0
939,2016,Oakland,Rockridge,RR,1836575.0
940,2016,San Bruno,San Bruno,SB,1176933.0
941,2016,Hayward,South Hayward,SH,892731.0
942,2016,San Leandro,San Leandro,SL,1853492.0
943,2016,San Francisco,San Francisco International Airport,SO,2146908.0
944,2016,South San Francisco,South San Francisco,SS,1071306.0
945,2016,Union City,Union City,UC,1417816.0
946,2016,Walnut Creek,Walnut Creek,WC,2111294.0
947,2016,Dublin/Pleasanton,West Dublin/Pleasanton,WD,1097262.0
948,2016,Pittsburg,Pittsburg/Bay Point,WP,1851295.0
949,2016,Fremont,Warm Springs,WS,0.0
950,2017,Oakland,12th Street / Oakland City Center,12,3881141.0
951,2017,San Francisco,16th Street Mission,16,3846577.0
952,2017,Oakland,19th Street Oakland,19,3715442.0
953,2017,San Francisco,24th Street Mission,24,3728202.0
954,2017,Antioch,Antioch,AN,0.0
955,2017,Berkeley,Ashby,AS,1565970.0
956,2017,San Jose,Berryessa / North San José,BE,0.0
957,2017,San Leandro,Bayfair,BF,1685946.0
958,2017,Berkeley,Berkeley,BK,3879579.0
959,2017,San Francisco,Balboa Park,BP,2980014.0
960,2017,San Francisco,Civic Center,CC,6835716.0
961,2017,Oakland,Coliseum,CL,2150529.0
962,2017,Colma,Colma,CM,1213757.0
963,2017,Concord,Concord,CN,1725107.0
964,2017,Castro Valley,Castro Valley,CV,830686.0
965,2017,Daly City,Daly City,DC,2608041.0
966,2017,Dublin/Pleasanton,Dublin/Pleasanton,ED,2357299.0
967,2017,San Francisco,Embarcadero,EM,13342721.0
968,2017,El Cerrito,El Cerrito Del Norte,EN,2532622.0
969,2017,El Cerrito,El Cerrito Plaza,EP,1467789.0
970,2017,Fremont,Fremont,FM,2145294.0
971,2017,Oakland,Fruitvale,FV,2452102.0
972,2017,San Francisco,Glen Park,GP,2143717.0
973,2017,Hayward,Hayward,HY,1408040.0
974,2017,Lafayette,Lafayette,LF,1034077.0
975,2017,Oakland,Lake Merritt,LM,2086942.0
976,2017,Oakland,MacArthur,MA,2685723.0
977,2017,Millbrae,Millbrae,MB,1882529.0
978,2017,Milpitas,Milpitas,ML,0.0
979,2017,San Francisco,Montgomery Street,MT,12278501.0
980,2017,Berkeley,North Berkeley,NB,1364801.0
981,2017,Concord,North Concord,NC,731675.0
982,2017,Oakland,Oakland International Airport,OA,460960.0
983,2017,Orinda,Orinda,OR,874873.0
984,2017,Oakland,West Oakland,OW,2196793.0
985,2017,Pittsburg,Pittsburg Center,PC,0.0
986,2017,Pleasant Hill,Pleasant Hill,PH,2082266.0
987,2017,San Francisco,Powell Street,PL,8822103.0
988,2017,Richmond,Richmond,RM,1230615.0
989,2017,Oakland,Rockridge,RR,1752034.0
990,2017,San Bruno,San Bruno,SB,1090925.0
991,2017,Hayward,South Hayward,SH,842657.0
992,2017,San Leandro,San Leandro,SL,1814174.0
993,2017,San Francisco,San Francisco International Airport,SO,2068258.0
994,2017,South San Francisco,South San Francisco,SS,1000296.0
995,2017,Union City,Union City,UC,1362272.0
996,2017,Walnut Creek,Walnut Creek,WC,2064841.0
997,2017,Dublin/Pleasanton,West Dublin/Pleasanton,WD,1060673.0
998,2017,Pittsburg,Pittsburg/Bay Point,WP,1890651.0
999,2017,Fremont,Warm Springs,WS,646531.0
1000,2018,Oakland,12th Street / Oakland City Center,12,3827215.0
1001,2018,San Francisco,16th Street Mission,16,3714485.0
1002,2018,Oakland,19th Street Oakland,19,3667027.0
1003,2018,San Francisco,24th Street Mission,24,3646040.0
1004,2018,Antioch,Antioch,AN,493108.0
1005,2018,Berkeley,Ashby,AS,1492022.0
1006,2018,San Jose,Berryessa / North San José,BE,0.0
1007,2018,San Leandro,Bayfair,BF,1610256.0
1008,2018,Berkeley,Berkeley,BK,3561621.0
1009,2018,San Francisco,Balboa Park,BP,2966631.0
1010,2018,San Francisco,Civic Center,CC,6586859.0
1011,2018,Oakland,Coliseum,CL,2128904.0
1012,2018,Colma,Colma,CM,1187441.0
1013,2018,Concord,Concord,CN,1645777.0
1014,2018,Castro Valley,Castro Valley,CV,820747.0
1015,2018,Daly City,Daly City,DC,2715913.0
1016,2018,Dublin/Pleasanton,Dublin/Pleasanton,ED,2360228.0
1017,2018,San Francisco,Embarcadero,EM,13375346.0
1018,2018,El Cerrito,El Cerrito Del Norte,EN,2394133.0
1019,2018,El Cerrito,El Cerrito Plaza,EP,1418641.0
1020,2018,Fremont,Fremont,FM,1859304.0
1021,2018,Oakland,Fruitvale,FV,2403206.0
1022,2018,San Francisco,Glen Park,GP,2108780.0
1023,2018,Hayward,Hayward,HY,1342219.0
1024,2018,Lafayette,Lafayette,LF,996431.0
1025,2018,Oakland,Lake Merritt,LM,2095523.0
1026,2018,Oakland,MacArthur,MA,2512469.0
1027,2018,Millbrae,Millbrae,MB,1785308.0
1028,2018,Milpitas,Milpitas,ML,0.0
1029,2018,San Francisco,Montgomery Street,MT,12338626.0
1030,2018,Berkeley,North Berkeley,NB,1286411.0
1031,2018,Concord,North Concord,NC,644466.0
1032,2018,Oakland,Oakland International Airport,OA,438543.0
1033,2018,Orinda,Orinda,OR,860979.0
1034,2018,Oakland,West Oakland,OW,2187519.0
1035,2018,Pittsburg,Pittsburg Center,PC,165104.0
1036,2018,Pleasant Hill,Pleasant Hill,PH,2094487.0
1037,2018,San Francisco,Powell Street,PL,8371269.0
1038,2018,Richmond,Richmond,RM,1198322.0
1039,2018,Oakland,Rockridge,RR,1657006.0
1040,2018,San Bruno,San Bruno,SB,1062017.0
1041,2018,Hayward,South Hayward,SH,845461.0
1042,2018,San Leandro,San Leandro,SL,1809196.0
1043,2018,San Francisco,San Francisco International Airport,SO,1951957.0
1044,2018,South San Francisco,South San Francisco,SS,961062.0
1045,2018,Union City,Union City,UC,1334889.0
1046,2018,Walnut Creek,Walnut Creek,WC,1958681.0
1047,2018,Dublin/Pleasanton,West Dublin/Pleasanton,WD,1056257.0
1048,2018,Pittsburg,Pittsburg/Bay Point,WP,1433101.0
1049,2018,Fremont,Warm Springs,WS,1012288.0
1050,2019,Oakland,12th Street / Oakland City Center,12,3876029.0
1051,2019,San Francisco,16th Street Mission,16,3825818.0
1052,2019,Oakland,19th Street Oakland,19,3673865.0
1053,2019,San Francisco,24th Street Mission,24,3588288.0
1054,2019,Antioch,Antioch,AN,827471.0
1055,2019,Berkeley,Ashby,AS,1433297.0
1056,2019,San Jose,Berryessa / North San José,BE,0.0
1057,2019,San Leandro,Bayfair,BF,1540251.0
1058,2019,Berkeley,Berkeley,BK,3432223.0
1059,2019,San Francisco,Balboa Park,BP,2868862.0
1060,2019,San Francisco,Civic Center,CC,6599521.0
1061,2019,Oakland,Coliseum,CL,1926350.0
1062,2019,Colma,Colma,CM,1183754.0
1063,2019,Concord,Concord,CN,1569535.0
1064,2019,Castro Valley,Castro Valley,CV,798389.0
1065,2019,Daly City,Daly City,DC,2712010.0
1066,2019,Dublin/Pleasanton,Dublin/Pleasanton,ED,2323169.0
1067,2019,San Francisco,Embarcadero,EM,13394563.0
1068,2019,El Cerrito,El Cerrito Del Norte,EN,2264155.0
1069,2019,El Cerrito,El Cerrito Plaza,EP,1394462.0
1070,2019,Fremont,Fremont,FM,1623878.0
1071,2019,Oakland,Fruitvale,FV,2294535.0
1072,2019,San Francisco,Glen Park,GP,2060603.0
1073,2019,Hayward,Hayward,HY,1311179.0
1074,2019,Lafayette,Lafayette,LF,988941.0
1075,2019,Oakland,Lake Merritt,LM,2011639.0
1076,2019,Oakland,MacArthur,MA,2523919.0
1077,2019,Millbrae,Millbrae,MB,1710459.0
1078,2019,Milpitas,Milpitas,ML,0.0
1079,2019,San Francisco,Montgomery Street,MT,12265311.0
1080,2019,Berkeley,North Berkeley,NB,1240495.0
1081,2019,Concord,North Concord,NC,537947.0
1082,2019,Oakland,Oakland International Airport,OA,398214.0
1083,2019,Orinda,Orinda,OR,860696.0
1084,2019,Oakland,West Oakland,OW,2149300.0
1085,2019,Pittsburg,Pittsburg Center,PC,319904.0
1086,2019,Pleasant Hill,Pleasant Hill,PH,2051681.0
1087,2019,San Francisco,Powell Street,PL,8050643.0
1088,2019,Richmond,Richmond,RM,1255080.0
1089,2019,Oakland,Rockridge,RR,1621172.0
1090,2019,San Bruno,San Bruno,SB,1041499.0
1091,2019,Hayward,South Hayward,SH,829373.0
1092,2019,San Leandro,San Leandro,SL,1774673.0
1093,2019,San Francisco,San Francisco International Airport,SO,1886817.0
1094,2019,South San Francisco,South San Francisco,SS,941881.0
1095,2019,Union City,Union City,UC,1306889.0
1096,2019,Walnut Creek,Walnut Creek,WC,1854563.0
1097,2019,Dublin/Pleasanton,West Dublin/Pleasanton,WD,1014185.0
1098,2019,Pittsburg,Pittsburg/Bay Point,WP,1089440.0
1099,2019,Fremont,Warm Springs,WS,1234898.0
1100,2020,Oakland,12th Street / Oakland City Center,12,1022014.0
1101,2020,San Francisco,16th Street Mission,16,1140212.0
1102,2020,Oakland,19th Street Oakland,19,959114.0
1103,2020,San Francisco,24th Street Mission,24,1077857.0
1104,2020,Antioch,Antioch,AN,285483.0
1105,2020,Berkeley,Ashby,AS,388879.0
1106,2020,San Jose,Berryessa / North San José,BE,47591.0
1107,2020,San Leandro,Bayfair,BF,545721.0
1108,2020,Berkeley,Berkeley,BK,863786.0
1109,2020,San Francisco,Balboa Park,BP,891021.0
1110,2020,San Francisco,Civic Center,CC,1873634.0
1111,2020,Oakland,Coliseum,CL,536155.0
1112,2020,Colma,Colma,CM,344092.0
1113,2020,Concord,Concord,CN,499273.0
1114,2020,Castro Valley,Castro Valley,CV,221017.0
1115,2020,Daly City,Daly City,DC,799149.0
1116,2020,Dublin/Pleasanton,Dublin/Pleasanton,ED,562720.0
1117,2020,San Francisco,Embarcadero,EM,3089815.0
1118,2020,El Cerrito,El Cerrito Del Norte,EN,752875.0
1119,2020,El Cerrito,El Cerrito Plaza,EP,384980.0
1120,2020,Fremont,Fremont,FM,409438.0
1121,2020,Oakland,Fruitvale,FV,863140.0
1122,2020,San Francisco,Glen Park,GP,577239.0
1123,2020,Hayward,Hayward,HY,437610.0
1124,2020,Lafayette,Lafayette,LF,240161.0
1125,2020,Oakland,Lake Merritt,LM,608591.0
1126,2020,Oakland,MacArthur,MA,742399.0
1127,2020,Millbrae,Millbrae,MB,380915.0
1128,2020,Milpitas,Milpitas,ML,30775.0
1129,2020,San Francisco,Montgomery Street,MT,2975687.0
1130,2020,Berkeley,North Berkeley,NB,303436.0
1131,2020,Concord,North Concord,NC,141416.0
1132,2020,Oakland,Oakland International Airport,OA,79483.0
1133,2020,Orinda,Orinda,OR,188453.0
1134,2020,Oakland,West Oakland,OW,655434.0
1135,2020,Pittsburg,Pittsburg Center,PC,127532.0
1136,2020,Pleasant Hill,Pleasant Hill,PH,518154.0
1137,2020,San Francisco,Powell Street,PL,2171918.0
1138,2020,Richmond,Richmond,RM,494306.0
1139,2020,Oakland,Rockridge,RR,385858.0
1140,2020,San Bruno,San Bruno,SB,299618.0
1141,2020,Hayward,South Hayward,SH,285657.0
1142,2020,San Leandro,San Leandro,SL,601264.0
1143,2020,San Francisco,San Francisco International Airport,SO,424953.0
1144,2020,South San Francisco,South San Francisco,SS,268041.0
1145,2020,Union City,Union City,UC,347988.0
1146,2020,Walnut Creek,Walnut Creek,WC,476359.0
1147,2020,Dublin/Pleasanton,West Dublin/Pleasanton,WD,241810.0
1148,2020,Pittsburg,Pittsburg/Bay Point,WP,375312.0
1149,2020,Fremont,Warm Springs,WS,282110.0
1150,2021,Oakland,12th Street / Oakland City Center,12,647696.0
1151,2021,San Francisco,16th Street Mission,16,945080.0
1152,2021,Oakland,19th Street Oakland,19,572635.0
1153,2021,San Francisco,24th Street Mission,24,920558.0
1154,2021,Antioch,Antioch,AN,298639.0
1155,2021,Berkeley,Ashby,AS,288449.0
1156,2021,San Jose,Berryessa / North San José,BE,164337.0
1157,2021,San Leandro,Bayfair,BF,466396.0
1158,2021,Berkeley,Berkeley,BK,742024.0
1159,2021,San Francisco,Balboa Park,BP,667088.0
1160,2021,San Francisco,Civic Center,CC,1397805.0
1161,2021,Oakland,Coliseum,CL,560648.0
1162,2021,Colma,Colma,CM,254499.0
1163,2021,Concord,Concord,CN,403332.0
1164,2021,Castro Valley,Castro Valley,CV,168656.0
1165,2021,Daly City,Daly City,DC,623954.0
1166,2021,Dublin/Pleasanton,Dublin/Pleasanton,ED,376708.0
1167,2021,San Francisco,Embarcadero,EM,1883339.0
1168,2021,El Cerrito,El Cerrito Del Norte,EN,598682.0
1169,2021,El Cerrito,El Cerrito Plaza,EP,313034.0
1170,2021,Fremont,Fremont,FM,257852.0
1171,2021,Oakland,Fruitvale,FV,769768.0
1172,2021,San Francisco,Glen Park,GP,443378.0
1173,2021,Hayward,Hayward,HY,362104.0
1174,2021,Lafayette,Lafayette,LF,177765.0
1175,2021,Oakland,Lake Merritt,LM,485415.0
1176,2021,Oakland,MacArthur,MA,575339.0
1177,2021,Millbrae,Millbrae,MB,238659.0
1178,2021,Milpitas,Milpitas,ML,124767.0
1179,2021,San Francisco,Montgomery Street,MT,1744256.0
1180,2021,Berkeley,North Berkeley,NB,233008.0
1181,2021,Concord,North Concord,NC,97242.0
1182,2021,Oakland,Oakland International Airport,OA,116225.0
1183,2021,Orinda,Orinda,OR,132962.0
1184,2021,Oakland,West Oakland,OW,536148.0
1185,2021,Pittsburg,Pittsburg Center,PC,111594.0
1186,2021,Pleasant Hill,Pleasant Hill,PH,325878.0
1187,2021,San Francisco,Powell Street,PL,1906781.0
1188,2021,Richmond,Richmond,RM,428026.0
1189,2021,Oakland,Rockridge,RR,305861.0
1190,2021,San Bruno,San Bruno,SB,238255.0
1191,2021,Hayward,South Hayward,SH,233686.0
1192,2021,San Leandro,San Leandro,SL,529255.0
1193,2021,San Francisco,San Francisco International Airport,SO,488150.0
1194,2021,South San Francisco,South San Francisco,SS,199974.0
1195,2021,Union City,Union City,UC,248057.0
1196,2021,Walnut Creek,Walnut Creek,WC,361007.0
1197,2021,Dublin/Pleasanton,West Dublin/Pleasanton,WD,158182.0
1198,2021,Pittsburg,Pittsburg/Bay Point,WP,324302.0
1199,2021,Fremont,Warm Springs,WS,135854.0
1200,2022,Oakland,12th Street / Oakland City Center,12,1127289.0
1201,2022,San Francisco,16th Street Mission,16,1510328.0
1202,2022,Oakland,19th Street Oakland,19,1030345.0
1203,2022,San Francisco,24th Street Mission,24,1445506.0
1204,2022,Antioch,Antioch,AN,453839.0
1205,2022,Berkeley,Ashby,AS,474088.0
1206,2022,San Jose,Berryessa / North San José,BE,324384.0
1207,2022,San Leandro,Bayfair,BF,669401.0
1208,2022,Berkeley,Berkeley,BK,1370265.0
1209,2022,San Francisco,Balboa Park,BP,1010854.0
1210,2022,San Francisco,Civic Center,CC,2250908.0
1211,2022,Oakland,Coliseum,CL,754397.0
1212,2022,Colma,Colma,CM,405084.0
1213,2022,Concord,Concord,CN,593500.0
1214,2022,Castro Valley,Castro Valley,CV,288300.0
1215,2022,Daly City,Daly City,DC,1057073.0
1216,2022,Dublin/Pleasanton,Dublin/Pleasanton,ED,664718.0
1217,2022,San Francisco,Embarcadero,EM,3858339.0
1218,2022,El Cerrito,El Cerrito Del Norte,EN,949346.0
1219,2022,El Cerrito,El Cerrito Plaza,EP,507783.0
1220,2022,Fremont,Fremont,FM,444337.0
1221,2022,Oakland,Fruitvale,FV,1035356.0
1222,2022,San Francisco,Glen Park,GP,756176.0
1223,2022,Hayward,Hayward,HY,544267.0
1224,2022,Lafayette,Lafayette,LF,332219.0
1225,2022,Oakland,Lake Merritt,LM,764530.0
1226,2022,Oakland,MacArthur,MA,919244.0
1227,2022,Millbrae,Millbrae,MB,486593.0
1228,2022,Milpitas,Milpitas,ML,257511.0
1229,2022,San Francisco,Montgomery Street,MT,3163628.0
1230,2022,Berkeley,North Berkeley,NB,425763.0
1231,2022,Concord,North Concord,NC,152426.0
1232,2022,Oakland,Oakland International Airport,OA,197313.0
1233,2022,Orinda,Orinda,OR,254613.0
1234,2022,Oakland,West Oakland,OW,846159.0
1235,2022,Pittsburg,Pittsburg Center,PC,143566.0
1236,2022,Pleasant Hill,Pleasant Hill,PH,543721.0
1237,2022,San Francisco,Powell Street,PL,3094313.0
1238,2022,Richmond,Richmond,RM,593327.0
1239,2022,Oakland,Rockridge,RR,558261.0
1240,2022,San Bruno,San Bruno,SB,378141.0
1241,2022,Hayward,South Hayward,SH,349450.0
1242,2022,San Leandro,San Leandro,SL,781551.0
1243,2022,San Francisco,San Francisco International Airport,SO,987316.0
1244,2022,South San Francisco,South San Francisco,SS,336618.0
1245,2022,Union City,Union City,UC,413924.0
1246,2022,Walnut Creek,Walnut Creek,WC,615004.0
1247,2022,Dublin/Pleasanton,West Dublin/Pleasanton,WD,281931.0
1248,2022,Pittsburg,Pittsburg/Bay Point,WP,456986.0
1249,2022,Fremont,Warm Springs,WS,273007.0
1250,2023,Oakland,12th Street / Oakland City Center,12,1004557.0
1251,2023,San Francisco,16th Street Mission,16,1280249.0
1252,2023,Oakland,19th Street Oakland,19,951944.0
1253,2023,San Francisco,24th Street Mission,24,1210874.0
1254,2023,Antioch,Antioch,AN,372686.0
1255,2023,Berkeley,Ashby,AS,423938.0
1256,2023,San Jose,Berryessa / North San José,BE,301263.0
1257,2023,San Leandro,Bayfair,BF,548053.0
1258,2023,Berkeley,Berkeley,BK,1142996.0
1259,2023,San Francisco,Balboa Park,BP,824970.0
1260,2023,San Francisco,Civic Center,CC,1888564.0
1261,2023,Oakland,Coliseum,CL,604477.0
1262,2023,Colma,Colma,CM,320471.0
1263,2023,Concord,Concord,CN,513426.0
1264,2023,Castro Valley,Castro Valley,CV,247485.0
1265,2023,Daly City,Daly City,DC,927375.0
1266,2023,Dublin/Pleasanton,Dublin/Pleasanton,ED,624287.0
1267,2023,San Francisco,Embarcadero,EM,3491681.0
1268,2023,El Cerrito,El Cerrito Del Norte,EN,792162.0
1269,2023,El Cerrito,El Cerrito Plaza,EP,438493.0
1270,2023,Fremont,Fremont,FM,413698.0
1271,2023,Oakland,Fruitvale,FV,824492.0
1272,2023,San Francisco,Glen Park,GP,675428.0
1273,2023,Hayward,Hayward,HY,454351.0
1274,2023,Lafayette,Lafayette,LF,305239.0
1275,2023,Oakland,Lake Merritt,LM,645440.0
1276,2023,Oakland,MacArthur,MA,788030.0
1277,2023,Millbrae,Millbrae,MB,456725.0
1278,2023,Milpitas,Milpitas,ML,250372.0
1279,2023,San Francisco,Montgomery Street,MT,2853566.0
1280,2023,Berkeley,North Berkeley,NB,380177.0
1281,2023,Concord,North Concord,NC,125189.0
1282,2023,Oakland,Oakland International Airport,OA,144583.0
1283,2023,Orinda,Orinda,OR,235872.0
1284,2023,Oakland,West Oakland,OW,710603.0
1285,2023,Pittsburg,Pittsburg Center,PC,112414.0
1286,2023,Pleasant Hill,Pleasant Hill,PH,467623.0
1287,2023,San Francisco,Powell Street,PL,2621421.0
1288,2023,Richmond,Richmond,RM,488130.0
1289,2023,Oakland,Rockridge,RR,499185.0
1290,2023,San Bruno,San Bruno,SB,307963.0
1291,2023,Hayward,South Hayward,SH,285535.0
1292,2023,San Leandro,San Leandro,SL,664239.0
1293,2023,San Francisco,San Francisco International Airport,SO,804119.0
1294,2023,South San Francisco,South San Francisco,SS,284905.0
1295,2023,Union City,Union City,UC,376103.0
1296,2023,Walnut Creek,Walnut Creek,WC,542122.0
1297,2023,Dublin/Pleasanton,West Dublin/Pleasanton,WD,265819.0
1298,2023,Pittsburg,Pittsburg/Bay Point,WP,377261.0
1299,2023,Fremont,Warm Springs,WS,250631.0
1300,2024,Oakland,12th Street / Oakland City Center,12,0.0
1301,2024,San Francisco,16th Street Mission,16,0.0
1302,2024,Oakland,19th Street Oakland,19,0.0
1303,2024,San Francisco,24th Street Mission,24,0.0
1304,2024,Antioch,Antioch,AN,0.0
1305,2024,Berkeley,Ashby,AS,0.0
1306,2024,San Jose,Berryessa / North San José,BE,0.0
1307,2024,San Leandro,Bayfair,BF,0.0
1308,2024,Berkeley,Berkeley,BK,0.0
1309,2024,San Francisco,Balboa Park,BP,0.0
1310,2024,San Francisco,Civic Center,CC,0.0
1311,2024,Oakland,Coliseum,CL,0.0
1312,2024,Colma,Colma,CM,0.0
1313,2024,Concord,Concord,CN,0.0
1314,2024,Castro Valley,Castro Valley,CV,0.0
1315,2024,Daly City,Daly City,DC,0.0
1316,2024,Dublin/Pleasanton,Dublin/Pleasanton,ED,0.0
1317,2024,San Francisco,Embarcadero,EM,0.0
1318,2024,El Cerrito,El Cerrito Del Norte,EN,0.0
1319,2024,El Cerrito,El Cerrito Plaza,EP,0.0
1320,2024,Fremont,Fremont,FM,0.0
1321,2024,Oakland,Fruitvale,FV,0.0
1322,2024,San Francisco,Glen Park,GP,0.0
1323,2024,Hayward,Hayward,HY,0.0
1324,2024,Lafayette,Lafayette,LF,0.0
1325,2024,Oakland,Lake Merritt,LM,0.0
1326,2024,Oakland,MacArthur,MA,0.0
1327,2024,Millbrae,Millbrae,MB,0.0
1328,2024,Milpitas,Milpitas,ML,0.0
1329,2024,San Francisco,Montgomery Street,MT,0.0
1330,2024,Berkeley,North Berkeley,NB,0.0
1331,2024,Concord,North Concord,NC,0.0
1332,2024,Oakland,Oakland International Airport,OA,0.0
1333,2024,Orinda,Orinda,OR,0.0
1334,2024,Oakland,West Oakland,OW,0.0
1335,2024,Pittsburg,Pittsburg Center,PC,0.0
1336,2024,Pleasant Hill,Pleasant Hill,PH,0.0
1337,2024,San Francisco,Powell Street,PL,0.0
1338,2024,Richmond,Richmond,RM,0.0
1339,2024,Oakland,Rockridge,RR,0.0
1340,2024,San Bruno,San Bruno,SB,0.0
1341,2024,Hayward,South Hayward,SH,0.0
1342,2024,San Leandro,San Leandro,SL,0.0
1343,2024,San Francisco,San Francisco International Airport,SO,0.0
1344,2024,South San Francisco,South San Francisco,SS,0.0
1345,2024,Union City,Union City,UC,0.0
1346,2024,Walnut Creek,Walnut Creek,WC,0.0
1347,2024,Dublin/Pleasanton,West Dublin/Pleasanton,WD,0.0
1348,2024,Pittsburg,Pittsburg/Bay Point,WP,0.0
1349,2024,Fremont,Warm Springs,WS,0.0
